sourceId,title,year,date,url,policyDomain,studyType,novelty,usPolicyRelevance,limitation,nextResearchQuestion,plainLanguage,priorityReason,tags,selectionGroup
POLICY_WATER2026,"Small Bottle, Big Pipe: Quantifying and Addressing the Impact of Data Centers on Public Water Systems",2026,2026-03-18,https://arxiv.org/abs/2603.02705v2,Water infrastructure,Preprint · scenario analysis · v2,"Moves beyond annual water totals to peak withdrawals, treatment capacity and infrastructure costs.",Informs which peak-demand and capacity data utilities could request before approving connections and allocating costs.,"Unreviewed scenarios depend on growth, cooling and capacity prices. Local analysis also needs drought supply and distribution constraints.",Do hourly meter records confirm modeled coincident peaks during heat waves?,A small annual water share can still require very large pipes on the hottest days.,Adds a service-capacity perspective to this shortlist.,"[""Water"", ""Infrastructure"", ""Peak demand"", ""Preprint""]",Emerging methods
POLICY_MARGINAL2025,Locational Marginal Emissions for Carbon-Aware Data Center Operations in Large-Scale Power Grids,2025,2025-12-21,https://arxiv.org/abs/2512.18819v1,Electricity and carbon,Preprint · hourly grid simulation · v1,"Extends average-grid accounting with hourly, network-constrained tests of emissions caused by changed electricity demand.","Informs research on additionality, siting, renewable procurement and verifiable demand-response incentives.",One modeled Western grid; simulated reductions are not measured field outcomes or long-term capacity effects.,"Do results persist under observed dispatch, extreme weather and future generation investment?",The model tests whether shifting computing changes power-plant operation enough to reduce electricity-related carbon emissions.,Makes emissions claims testable against changes in the electricity system.,"[""Carbon"", ""Marginal emissions"", ""Grid"", ""Preprint""]",Emerging methods
L14,Health-Informed Computing: Estimating and Addressing the Public Health Impact of Data Centers,2026,2026-06-08,https://arxiv.org/abs/2412.06288v4,Air pollution and health,Accepted manuscript · modeled health impacts · v4,Adds spatially distributed air-pollution health costs to assessments centered on electricity and carbon.,"Supports testing health-impact reporting, pollution-aware computing and protections for affected counties beyond host communities.",CACM acceptance is reported on arXiv; final publication unverified. Modeled damages are not observed illness.,Can monitoring validate exposure changes when computing shifts across places and hours?,Pollution from the power supply can affect people far from the data center.,Connects operational decisions to geographically unequal health burdens.,"[""Health"", ""Air pollution"", ""Equity"", ""Accepted manuscript""]",Recent policy research
L15,Environmental impact and net-zero pathways for sustainable artificial intelligence servers in the USA,2025,2025-11-10,https://doi.org/10.1038/s41893-025-01681-y,Siting and climate strategy,Peer-reviewed primary analysis · scenarios,"Combines AI-server growth, grid evolution, cooling and location rather than extrapolating a single footprint intensity.","Frames comparisons of siting incentives, efficiency requirements and clean-electricity investment under uncertain growth.",Modeled rankings depend on grid forecasts and water accounting; technical potential does not establish community acceptance.,"Which pathways remain preferable after adding transmission, permitting and distributional constraints?",A more efficient server still needs a suitable location and cleaner electricity.,Links several policy levers within one explicitly conditional U.S. analysis.,"[""Carbon"", ""Water"", ""Siting"", ""Scenarios""]",Recent policy research
L22,The Unequal Burden of Environmental and Health Costs of Energy-Intensive Artificial Intelligence,2026,2026-10 (issue; online date unverified),https://doi.org/10.2105/AJPH.2026.308683,Health equity and accountability,Published evidence synthesis · abstract assessed,"Broadens operational footprint discussions to workers, mining, fabrication and waste-processing communities.","Offers a research agenda for life-cycle health assessments, surveillance, equitable siting and community participation.",Abstract-only appraisal; no new causal health study. October issue record was accessible by October 1.,Which exposures and benefits accumulate among the same vulnerable populations across the supply chain?,People making and disposing of computing equipment also belong in the health discussion.,Prevents local policy research from overlooking upstream and downstream burdens.,"[""Health"", ""Equity"", ""Lifecycle"", ""Review""]",Recent policy research
L12,The Cloud Next Door: Investigating the Environmental and Socioeconomic Strain of Datacenters on Local Communities,2025,2025-07 (conference proceedings),https://doi.org/10.1145/3715335.3736324,Community participation,Published conference late-breaking work · exploratory primary study,Complements global resource totals with Northern Virginia community experience and decision-making power.,"Motivates research on public participation, local infrastructure burdens and enforceable community-benefit commitments.",Preliminary mixed-methods case study; neither representative national opinion nor causal epidemiology.,Do communities with earlier participation secure different permit conditions and measurable exposure outcomes?,A national electricity estimate does not explain what living beside a facility feels like.,Identifies questions that resource accounting alone cannot answer.,"[""Community"", ""Governance"", ""Equity"", ""Virginia""]",Recent policy research
ROOT_HEERING2026,"How sovereign control, decarbonization and energy costs shape public support for data centers",2026,2026-08-10,https://www.nature.com/articles/s41467-026-76500-9,Public acceptance and governance,Peer-reviewed primary study · survey experiments,"Tests combined ownership, climate and local-cost tradeoffs instead of treating support as a single attitude.",Provides a replicable experimental design for studying U.S. permitting preferences and proposed benefit arrangements.,German stated preferences cannot be transferred numerically to U.S. communities or actual permitting behavior.,How do U.S. preferences change when bill protections and independently verified water limits are specified?,Residents weigh who operates a facility alongside its effects on bills and the environment.,Turns broad acceptance claims into testable policy-design questions.,"[""Governance"", ""Public acceptance"", ""Survey"", ""International""]",Recent policy research
L05,Making AI Less 'Thirsty',2025,2025-06-17,https://doi.org/10.1145/3724499,Water disclosure,Published research article · modeled accounting examples,Extends carbon-focused model reporting to direct cooling water and electricity-related water across locations and times.,Helps design comparable workload disclosures and evaluate water-aware scheduling alongside carbon goals.,Examples use modeled intensities; there is no universal water-per-query value.,What reporting boundary and time resolution permit independent validation without exposing sensitive operations?,"Water used at a power plant matters too, and the same computing job can differ by location.",Connects familiar AI-use questions to defensible disclosure requirements.,"[""Water"", ""Disclosure"", ""AI workloads"", ""Accounting""]",Recent policy research
L03,The environmental footprint of data centers in the United States,2021,2021-05-21,https://doi.org/10.1088/1748-9326/abfba1,Water and carbon siting,Peer-reviewed primary study · spatial footprint model,"Disaggregates aggregate resource accounting into facility and electricity-supply watersheds, revealing geographic tradeoffs.",Provides a baseline design for joint water-carbon siting research and cumulative watershed screening.,Uses 2018 inputs and annual-average power attribution; omits hardware manufacture and direct generator emissions.,"How do updated facilities, hourly power flows and seasonal scarcity change siting conclusions?",A facility can move part of its water burden to the places producing its electricity.,Establishes the spatial accounting needed to interpret newer studies.,"[""Water"", ""Carbon"", ""Siting"", ""Foundation""]",Foundations
L11,Sources of data center energy estimates: A comprehensive review,2022,2022-09-21 (issue),https://doi.org/10.1016/j.joule.2022.07.011,Disclosure and research quality,Peer-reviewed review · source-provenance audit,"Examines where estimates originate and whether their inputs can be checked, rather than producing another demand forecast.","Supports research on mandatory reporting fields, auditability and uncertainty requirements for utility planning.",Covers publications through 2021; identifies provenance problems without establishing which forecast is correct.,Which minimum disclosures most improve independent replication of facility and regional demand estimates?,Several reports agreeing is less reassuring when they reuse the same hidden inputs.,Provides a quality-control foundation for evaluating newer policy evidence.,"[""Disclosure"", ""Methods"", ""Review"", ""Foundation""]",Foundations
