id,title,status,statusDate,authority,scope,whatItDoes,environmentalApplication,metricsNeeded,limitation,sourceIds,researchQuestion
ca_cec_existing,"CEC forecasting, benchmarking and generation review",Existing programs,2026-10-01,California Energy Commission,"California electricity planning, covered buildings and onsite thermal generation.","IEPR forecasts incorporate utility data-center applications. Covered buildings over 50,000 square feet report annual energy use. Thermal generation of 50 MW or more falls within CEC licensing jurisdiction.","Connect load forecasts with procurement, local permitting and backup-generator impacts.","[""MW peak"", ""annual kWh"", ""generator fuel""]",CEC does not permit data centers themselves. A small-power-plant exemption still requires environmental review and subsequent permits.,"[""CA_CEC""]",How do projected connections compare with realized demand and local pollution?
ca_ab1577,AB 1577: facility energy reporting,Enacted; effective 2027-01-01,2026-09-21,CEC; chapter 434,"Data centers ≥10 MW; specified public, research and utility facilities excluded.","Requires energy, peak-load, PUE and fuel reporting; CEC sets filing timing. Public releases are anonymized aggregates; IEPR load-trend assessments start in 2029.","Local discretionary applications must estimate electricity, onsite generation and boundary noise.","[""monthly kWh"", ""peak MW"", ""PUE"", ""fuel"", ""dBA""]",Facility reporting does not isolate AI workloads; customer energy data remain protected.,"[""CA_AB1577""]",Can aggregate disclosures reveal infrastructure pressure while retaining useful local accountability?
ca_ab2469,AB 2469: water conditions for development,Enacted; effective 2027-01-01,2026-09-21,Local governments; chapter 436,Construction or expansion increasing maximum peak water use; discretionary and ministerial approvals.,"Requires water-supply assessment, projected use, efficiency and workforce disclosures, and applicant funding of necessary water infrastructure. Water-scarcity plans begin January 1, 2028.",Evaluate dry-year reliability alongside project demand and infrastructure costs.,"[""peak water"", ""supply reliability"", ""drought curtailment"", ""infrastructure cost""]",No MW cutoff appears here; satisfying conditions does not require approval.,"[""CA_AB2469""]",Are peak cooling demands compatible with enforceable drought reductions and existing customers' needs?
ca_ab2619,AB 2619: water-use disclosure,Enacted; effective 2027-01-01,2026-09-21,"Cities, counties and water suppliers; chapter 437","Data centers across defined size classes, including facilities below 2 MW.","Initial licensing requires good-faith water estimates and source disclosure; renewals report prior-year water use, direct use by source and cooling type.",Supplier shortage planning must include unconstrained demand from data centers and other large users.,"[""maximum day"", ""maximum month"", ""average year"", ""cooling type""]",Withdrawals or deliveries are not automatically consumptive losses or upstream electricity water use.,"[""CA_AB2619""]",How accurately do license estimates predict metered seasonal demand?
ca_sb886,SB 886: interconnection and cost protection,Enacted; effective 2027-01-01,2026-09-21,CPUC; chapter 438,"Participating data-center customers; transmission-specific provisions cover new agreements from January 1, 2027.","Requires tariffs or updated rules by January 1, 2028 to prevent stranded costs and cost shifts. Transmission provisions allocate upgrade costs, constrain refunds and require termination protection.","Compare committed demand, infrastructure exposure and demand-response participation.","[""load ramp"", ""upgrade cost"", ""termination liability""]",Implementation requires CPUC decisions; transmission cost allocation is constrained by federal law.,"[""CA_SB886"", ""CA_AB2383""]",Do deposits and exit obligations cover realistic cancellation and underutilization scenarios?
ca_ab2383,AB 2383: service tariffs and procurement,Enacted; effective 2027-01-01,2026-09-21,"CPUC, CCAs and energy service providers; chapter 435",Participating customers; generation-tariff thresholds must be set no higher than 25 MW.,"Requires cost-protective service tariffs, clean-energy-consistent procurement and generation payment mechanisms lasting at least ten years. CCA/provider generation tariffs are due January 1, 2028.","Link added load with incremental procurement, collateral and societal-cost contributions.","[""incremental generation cost"", ""collateral"", ""minimum payments""]",Generation-specific exemptions and thresholds are not universal exemptions from every provision.,"[""CA_AB2383""]",Which contract terms best prevent stranded procurement without weakening clean-energy requirements?
ca_sb1168,SB 1168: rate-structure assessment,Enacted; effective 2027-01-01,2026-09-21,CPUC; chapter 440,Data-center transmission and distribution connections in CPUC proceedings.,Requires assessing opportunities for rates that assign reasonable network costs and proportionate load-growth procurement costs to data centers while relieving residential rate pressures.,"Connect resource planning to distributional effects on households, including CARE and FERA participants.","[""allocated network costs"", ""procurement costs"", ""household bill effects""]",The act directs assessment; it neither publishes a completed tariff nor establishes a numerical cost allocation.,"[""CA_SB1168""]",How do allocation choices affect low-income customers under different load-growth outcomes?
ca_sb887,SB 887: CEQA review and conditional streamlining,Enacted; effective 2027-01-01,2026-09-21,"Lead agencies, Governor and LCI; chapter 439",Data-center entitlements; categorical-exemption restrictions contain specified facility exceptions.,"Extends CEQA coverage and bars categorical exemptions for covered projects. Leadership-project streamlining requires demanding energy, water, cost-protection and community-benefit conditions.","Streamlining conditions include hourly zero-carbon supply within five years, predominantly new resources, and efficient cooling.","[""hourly carbon-free share"", ""water source"", ""noise"", ""community benefits""]",These streamlining conditions are not universal operating standards for every data center.,"[""CA_SB887""]",Do enforceable project conditions reduce cumulative burdens beyond statutory minimum review?
ca_sb57,SB 57: earlier cost-shift assessment,Enacted; effective 2026-01-01,2025-10-11,CPUC; chapter 647,Electrical-corporation costs caused by new data-center loads.,"Authorizes assessment of procurement, network investment and stranded-asset cost shifts. Any completed assessment must be submitted to legislative committees and posted by January 1, 2027.","Provides an analytical bridge between electricity growth, infrastructure risk and ratepayer protection.","[""procurement exposure"", ""stranded assets"", ""customer cost allocation""]","SB 57 authorizes assessment; it does not itself order a new tariff. Section sunsets January 1, 2031.","[""CA_SB57""]",Which documented cost risks warrant specific safeguards in later tariff proceedings?
ca_ab93,AB 93: vetoed water proposal,Vetoed; no effective date,2025-10-11,Governor's veto; 2025 legislative record,Historical data-center water-policy proposal.,The Governor returned AB 93 without approval. It must not be displayed as an operative water-reporting mandate.,"Compare the unsuccessful 2025 proposal with the separately enacted 2026 water-disclosure laws, AB 2469 and AB 2619.","[""bill version"", ""status date"", ""replacement provisions""]","A vetoed proposal supplies legislative context, not compliance authority; later bills require independent scope and effective-date checks.","[""CA_AB93"", ""CA_AB2469"", ""CA_AB2619""]",What changed between the vetoed proposal and the enacted water protections?
ca_ces,CalEnviroScreen 5.0: cumulative-burden screening,Final tool; not a facility permit,2026-07-01,OEHHA and CalEPA,California census-tract pollution burden and population vulnerability.,"Updates screening data and methods, adding diabetes prevalence and small air-toxic sites. It informs CalEPA's final September 18, 2026 disadvantaged-community designation.","Screen proposed sites, then investigate nearby receptors, emissions, noise and community priorities.","[""tract percentile"", ""pollution indicators"", ""vulnerable populations""]",A screening percentile neither measures a project's incremental health risk nor determines permit approval.,"[""CA_CES50""]",Would the project add burdens where exposure and vulnerability already overlap?
ca_water_planning,DWR: supplier shortage and drought planning,Existing annual reporting,2026-10-01,DWR; Water Code §10632.1,"Urban suppliers exceeding 3,000 connections or 3,000 acre-feet annually.","Requires annual supply-demand assessment and shortage reporting, generally by July 1; specified imported-water allocation timing can extend submission.","Use supplier assessments, shortage-contingency plans and drought-risk assessments to contextualize new cooling demand.","[""supplier shortfall"", ""drought supply"", ""response triggers"", ""seasonal demand""]",Regional or statewide sufficiency does not establish site-specific supply. Assessments require ongoing updates as actual conditions change.,"[""CA_DWR""]",What restrictions apply when facility demand peaks during a supplier shortage?
ca_sb253,SB 253: corporate emissions disclosure,Enacted statute; subsequent regulatory approval unverified,2026-09-01,CARB; Health and Safety Code §38532,U.S. entities doing business in California with annual revenue above $1 billion.,"Requires Scope 1–2 reporting in 2026 and Scope 3 from 2027. CARB's September notice identifies November 10, 2026, conditional on OAL approval.",Use corporate emissions to supplement facility and supply-chain evidence.,"[""Scope 1"", ""Scope 2"", ""Scope 3"", ""reporting boundary""]",Corporate totals are not facility or AI-model measurements. This review did not establish whether OAL approved the regulation after CARB’s September 1 notice.,"[""CA_CARB253""]",Can corporate inventories be reconciled with location-specific electricity and equipment emissions?
