abbreviation,name,location,operator,year,withdrawalMG,dischargeMG,consumptionMG,unit,sourceIds,sourcePage,evidenceType,boundary,limitations,assuranceScope,dataCurrency,potableWithdrawalMG,reclaimedWithdrawalMG
VA,Virginia,Ashburn,Google,2024,59.5,3.5,56.0,million US gallons/year,"[""GOOGLE2025""]",Report pp. 110–111; assured schedule p. 114,"company reported; site withdrawal, discharge and consumption included in limited-assurance schedule",Named Google data-center location; not statewide totals,"Named company location only, not a state total or representative sample. Reporting methodology permits estimates where measurements are unavailable; water consumption is withdrawal minus discharge. Rounded columns may not exactly balance. Size, utilization and watershed stress differ.","Ernst & Young LLP review, June 16, 2025, report pp. 112–114; limited assurance under AICPA AT-C 105/210, not a full audit opinion.",Calendar 2024 harmonized sample from the 2025 report; a 2026 report is available but was not extracted here.,,
SC,South Carolina,Berkeley County,Google,2024,853.8,77.3,776.5,million US gallons/year,"[""GOOGLE2025""]",Report pp. 110–111; assured schedule p. 114,"company reported; site withdrawal, discharge and consumption included in limited-assurance schedule",Named Google data-center location; not statewide totals,"Named company location only, not a state total or representative sample. Reporting methodology permits estimates where measurements are unavailable; water consumption is withdrawal minus discharge. Rounded columns may not exactly balance. Size, utilization and watershed stress differ.","Ernst & Young LLP review, June 16, 2025, report pp. 112–114; limited assurance under AICPA AT-C 105/210, not a full audit opinion.",Calendar 2024 harmonized sample from the 2025 report; a 2026 report is available but was not extracted here.,,
VA,Virginia,Bristow,Google,2024,105.7,21.3,84.4,million US gallons/year,"[""GOOGLE2025""]",Report pp. 110–111; assured schedule p. 114,"company reported; site withdrawal, discharge and consumption included in limited-assurance schedule",Named Google data-center location; not statewide totals,"Named company location only, not a state total or representative sample. Reporting methodology permits estimates where measurements are unavailable; water consumption is withdrawal minus discharge. Rounded columns may not exactly balance. Size, utilization and watershed stress differ.","Ernst & Young LLP review, June 16, 2025, report pp. 112–114; limited assurance under AICPA AT-C 105/210, not a full audit opinion.",Calendar 2024 harmonized sample from the 2025 report; a 2026 report is available but was not extracted here.,,
IA,Iowa,Council Bluffs,Google,2024,1410.3,400.1,1010.2,million US gallons/year,"[""GOOGLE2025""]",Report pp. 110–111; assured schedule p. 114,"company reported; site withdrawal, discharge and consumption included in limited-assurance schedule",Named Google data-center location; not statewide totals,"Named company location only, not a state total or representative sample. Reporting methodology permits estimates where measurements are unavailable; water consumption is withdrawal minus discharge. Rounded columns may not exactly balance. Size, utilization and watershed stress differ.","Ernst & Young LLP review, June 16, 2025, report pp. 112–114; limited assurance under AICPA AT-C 105/210, not a full audit opinion.",Calendar 2024 harmonized sample from the 2025 report; a 2026 report is available but was not extracted here.,,
OR,Oregon,The Dalles,Google,2024,461.1,99.7,361.4,million US gallons/year,"[""GOOGLE2025""]",Report pp. 110–111; assured schedule p. 114,"company reported; site withdrawal, discharge and consumption included in limited-assurance schedule",Named Google data-center location; not statewide totals,"Named company location only, not a state total or representative sample. Reporting methodology permits estimates where measurements are unavailable; water consumption is withdrawal minus discharge. Rounded columns may not exactly balance. Size, utilization and watershed stress differ.","Ernst & Young LLP review, June 16, 2025, report pp. 112–114; limited assurance under AICPA AT-C 105/210, not a full audit opinion.",Calendar 2024 harmonized sample from the 2025 report; a 2026 report is available but was not extracted here.,,
GA,Georgia,Douglas County,Google,2024,444.1,77.2,366.9,million US gallons/year,"[""GOOGLE2025""]",Report pp. 110–111; assured schedule p. 114,"company reported; site withdrawal, discharge and consumption included in limited-assurance schedule",Named Google data-center location; not statewide totals,"Named company location only, not a state total or representative sample. Reporting methodology permits estimates where measurements are unavailable; water consumption is withdrawal minus discharge. Rounded columns may not exactly balance. Size, utilization and watershed stress differ.","Ernst & Young LLP review, June 16, 2025, report pp. 112–114; limited assurance under AICPA AT-C 105/210, not a full audit opinion.",Calendar 2024 harmonized sample from the 2025 report; a 2026 report is available but was not extracted here.,7.4,436.7
NV,Nevada,Henderson,Google,2024,359.9,152.5,207.4,million US gallons/year,"[""GOOGLE2025""]",Report pp. 110–111; assured schedule p. 114,"company reported; site withdrawal, discharge and consumption included in limited-assurance schedule",Named Google data-center location; not statewide totals,"Named company location only, not a state total or representative sample. Reporting methodology permits estimates where measurements are unavailable; water consumption is withdrawal minus discharge. Rounded columns may not exactly balance. Size, utilization and watershed stress differ.","Ernst & Young LLP review, June 16, 2025, report pp. 112–114; limited assurance under AICPA AT-C 105/210, not a full audit opinion.",Calendar 2024 harmonized sample from the 2025 report; a 2026 report is available but was not extracted here.,,
AL,Alabama,Jackson County,Google,2024,201.6,18.8,182.8,million US gallons/year,"[""GOOGLE2025""]",Report pp. 110–111; assured schedule p. 114,"company reported; site withdrawal, discharge and consumption included in limited-assurance schedule",Named Google data-center location; not statewide totals,"Named company location only, not a state total or representative sample. Reporting methodology permits estimates where measurements are unavailable; water consumption is withdrawal minus discharge. Rounded columns may not exactly balance. Size, utilization and watershed stress differ.","Ernst & Young LLP review, June 16, 2025, report pp. 112–114; limited assurance under AICPA AT-C 105/210, not a full audit opinion.",Calendar 2024 harmonized sample from the 2025 report; a 2026 report is available but was not extracted here.,,
OH,Ohio,Lancaster,Google,2024,207.4,106.3,101.1,million US gallons/year,"[""GOOGLE2025""]",Report pp. 110–111; assured schedule p. 114,"company reported; site withdrawal, discharge and consumption included in limited-assurance schedule",Named Google data-center location; not statewide totals,"Named company location only, not a state total or representative sample. Reporting methodology permits estimates where measurements are unavailable; water consumption is withdrawal minus discharge. Rounded columns may not exactly balance. Size, utilization and watershed stress differ.","Ernst & Young LLP review, June 16, 2025, report pp. 112–114; limited assurance under AICPA AT-C 105/210, not a full audit opinion.",Calendar 2024 harmonized sample from the 2025 report; a 2026 report is available but was not extracted here.,,
VA,Virginia,Leesburg,Google,2024,246.7,55.1,191.6,million US gallons/year,"[""GOOGLE2025""]",Report pp. 110–111; assured schedule p. 114,"company reported; site withdrawal, discharge and consumption included in limited-assurance schedule",Named Google data-center location; not statewide totals,"Named company location only, not a state total or representative sample. Reporting methodology permits estimates where measurements are unavailable; water consumption is withdrawal minus discharge. Rounded columns may not exactly balance. Size, utilization and watershed stress differ.","Ernst & Young LLP review, June 16, 2025, report pp. 112–114; limited assurance under AICPA AT-C 105/210, not a full audit opinion.",Calendar 2024 harmonized sample from the 2025 report; a 2026 report is available but was not extracted here.,,
NC,North Carolina,Lenoir,Google,2024,351.7,23.9,327.8,million US gallons/year,"[""GOOGLE2025""]",Report pp. 110–111; assured schedule p. 114,"company reported; site withdrawal, discharge and consumption included in limited-assurance schedule",Named Google data-center location; not statewide totals,"Named company location only, not a state total or representative sample. Reporting methodology permits estimates where measurements are unavailable; water consumption is withdrawal minus discharge. Rounded columns may not exactly balance. Size, utilization and watershed stress differ.","Ernst & Young LLP review, June 16, 2025, report pp. 112–114; limited assurance under AICPA AT-C 105/210, not a full audit opinion.",Calendar 2024 harmonized sample from the 2025 report; a 2026 report is available but was not extracted here.,,
OH,Ohio,Lockbourne,Google,2024,177.3,34.0,143.3,million US gallons/year,"[""GOOGLE2025""]",Report pp. 110–111; assured schedule p. 114,"company reported; site withdrawal, discharge and consumption included in limited-assurance schedule",Named Google data-center location; not statewide totals,"Named company location only, not a state total or representative sample. Reporting methodology permits estimates where measurements are unavailable; water consumption is withdrawal minus discharge. Rounded columns may not exactly balance. Size, utilization and watershed stress differ.","Ernst & Young LLP review, June 16, 2025, report pp. 112–114; limited assurance under AICPA AT-C 105/210, not a full audit opinion.",Calendar 2024 harmonized sample from the 2025 report; a 2026 report is available but was not extracted here.,,
OK,Oklahoma,Mayes County,Google,2024,1108.3,275.1,833.2,million US gallons/year,"[""GOOGLE2025""]",Report pp. 110–111; assured schedule p. 114,"company reported; site withdrawal, discharge and consumption included in limited-assurance schedule",Named Google data-center location; not statewide totals,"Named company location only, not a state total or representative sample. Reporting methodology permits estimates where measurements are unavailable; water consumption is withdrawal minus discharge. Rounded columns may not exactly balance. Size, utilization and watershed stress differ.","Ernst & Young LLP review, June 16, 2025, report pp. 112–114; limited assurance under AICPA AT-C 105/210, not a full audit opinion.",Calendar 2024 harmonized sample from the 2025 report; a 2026 report is available but was not extracted here.,,
TX,Texas,Midlothian,Google,2024,221.0,38.7,182.3,million US gallons/year,"[""GOOGLE2025""]",Report pp. 110–111; assured schedule p. 114,"company reported; site withdrawal, discharge and consumption included in limited-assurance schedule",Named Google data-center location; not statewide totals,"Named company location only, not a state total or representative sample. Reporting methodology permits estimates where measurements are unavailable; water consumption is withdrawal minus discharge. Rounded columns may not exactly balance. Size, utilization and watershed stress differ.","Ernst & Young LLP review, June 16, 2025, report pp. 112–114; limited assurance under AICPA AT-C 105/210, not a full audit opinion.",Calendar 2024 harmonized sample from the 2025 report; a 2026 report is available but was not extracted here.,,
TN,Tennessee,Montgomery County,Google,2024,387.9,66.1,321.8,million US gallons/year,"[""GOOGLE2025""]",Report pp. 110–111; assured schedule p. 114,"company reported; site withdrawal, discharge and consumption included in limited-assurance schedule",Named Google data-center location; not statewide totals,"Named company location only, not a state total or representative sample. Reporting methodology permits estimates where measurements are unavailable; water consumption is withdrawal minus discharge. Rounded columns may not exactly balance. Size, utilization and watershed stress differ.","Ernst & Young LLP review, June 16, 2025, report pp. 112–114; limited assurance under AICPA AT-C 105/210, not a full audit opinion.",Calendar 2024 harmonized sample from the 2025 report; a 2026 report is available but was not extracted here.,,
OH,Ohio,New Albany,Google,2024,405.3,52.6,352.7,million US gallons/year,"[""GOOGLE2025""]",Report pp. 110–111; assured schedule p. 114,"company reported; site withdrawal, discharge and consumption included in limited-assurance schedule",Named Google data-center location; not statewide totals,"Named company location only, not a state total or representative sample. Reporting methodology permits estimates where measurements are unavailable; water consumption is withdrawal minus discharge. Rounded columns may not exactly balance. Size, utilization and watershed stress differ.","Ernst & Young LLP review, June 16, 2025, report pp. 112–114; limited assurance under AICPA AT-C 105/210, not a full audit opinion.",Calendar 2024 harmonized sample from the 2025 report; a 2026 report is available but was not extracted here.,,
NE,Nebraska,Omaha,Google,2024,44.3,12.2,32.1,million US gallons/year,"[""GOOGLE2025""]",Report pp. 110–111; assured schedule p. 114,"company reported; site withdrawal, discharge and consumption included in limited-assurance schedule",Named Google data-center location; not statewide totals,"Named company location only, not a state total or representative sample. Reporting methodology permits estimates where measurements are unavailable; water consumption is withdrawal minus discharge. Rounded columns may not exactly balance. Size, utilization and watershed stress differ.","Ernst & Young LLP review, June 16, 2025, report pp. 112–114; limited assurance under AICPA AT-C 105/210, not a full audit opinion.",Calendar 2024 harmonized sample from the 2025 report; a 2026 report is available but was not extracted here.,,
NE,Nebraska,Papillion,Google,2024,532.3,115.4,416.9,million US gallons/year,"[""GOOGLE2025""]",Report pp. 110–111; assured schedule p. 114,"company reported; site withdrawal, discharge and consumption included in limited-assurance schedule",Named Google data-center location; not statewide totals,"Named company location only, not a state total or representative sample. Reporting methodology permits estimates where measurements are unavailable; water consumption is withdrawal minus discharge. Rounded columns may not exactly balance. Size, utilization and watershed stress differ.","Ernst & Young LLP review, June 16, 2025, report pp. 112–114; limited assurance under AICPA AT-C 105/210, not a full audit opinion.",Calendar 2024 harmonized sample from the 2025 report; a 2026 report is available but was not extracted here.,,
TX,Texas,Pflugerville,Google,2024,0.1,0.1,0.01,million US gallons/year,"[""GOOGLE2025""]",Report pp. 110–111; assured schedule p. 114,"company reported; site withdrawal, discharge and consumption included in limited-assurance schedule",Named Google data-center location; not statewide totals,"Named company location only, not a state total or representative sample. Reporting methodology permits estimates where measurements are unavailable; water consumption is withdrawal minus discharge. Rounded columns may not exactly balance. Size, utilization and watershed stress differ.","Ernst & Young LLP review, June 16, 2025, report pp. 112–114; limited assurance under AICPA AT-C 105/210, not a full audit opinion.",Calendar 2024 harmonized sample from the 2025 report; a 2026 report is available but was not extracted here.,,
AZ,Arizona,Phoenix,Google,2024,0.2,0.2,0.03,million US gallons/year,"[""GOOGLE2025""]",Report pp. 110–111; assured schedule p. 114,"company reported; site withdrawal, discharge and consumption included in limited-assurance schedule",Named Google data-center location; not statewide totals,"Named company location only, not a state total or representative sample. Reporting methodology permits estimates where measurements are unavailable; water consumption is withdrawal minus discharge. Rounded columns may not exactly balance. Size, utilization and watershed stress differ.","Ernst & Young LLP review, June 16, 2025, report pp. 112–114; limited assurance under AICPA AT-C 105/210, not a full audit opinion.",Calendar 2024 harmonized sample from the 2025 report; a 2026 report is available but was not extracted here.,,
VA,Virginia,Sterling,Google,2024,201.2,43.0,158.2,million US gallons/year,"[""GOOGLE2025""]",Report pp. 110–111; assured schedule p. 114,"company reported; site withdrawal, discharge and consumption included in limited-assurance schedule",Named Google data-center location; not statewide totals,"Named company location only, not a state total or representative sample. Reporting methodology permits estimates where measurements are unavailable; water consumption is withdrawal minus discharge. Rounded columns may not exactly balance. Size, utilization and watershed stress differ.","Ernst & Young LLP review, June 16, 2025, report pp. 112–114; limited assurance under AICPA AT-C 105/210, not a full audit opinion.",Calendar 2024 harmonized sample from the 2025 report; a 2026 report is available but was not extracted here.,,
NV,Nevada,Storey County,Google,2024,14.9,13.4,1.5,million US gallons/year,"[""GOOGLE2025""]",Report pp. 110–111; assured schedule p. 114,"company reported; site withdrawal, discharge and consumption included in limited-assurance schedule",Named Google data-center location; not statewide totals,"Named company location only, not a state total or representative sample. Reporting methodology permits estimates where measurements are unavailable; water consumption is withdrawal minus discharge. Rounded columns may not exactly balance. Size, utilization and watershed stress differ.","Ernst & Young LLP review, June 16, 2025, report pp. 112–114; limited assurance under AICPA AT-C 105/210, not a full audit opinion.",Calendar 2024 harmonized sample from the 2025 report; a 2026 report is available but was not extracted here.,,
TX,Texas,Wilmer,Google,2024,1.9,1.7,0.2,million US gallons/year,"[""GOOGLE2025""]",Report pp. 110–111; assured schedule p. 114,"company reported; site withdrawal, discharge and consumption included in limited-assurance schedule",Named Google data-center location; not statewide totals,"Named company location only, not a state total or representative sample. Reporting methodology permits estimates where measurements are unavailable; water consumption is withdrawal minus discharge. Rounded columns may not exactly balance. Size, utilization and watershed stress differ.","Ernst & Young LLP review, June 16, 2025, report pp. 112–114; limited assurance under AICPA AT-C 105/210, not a full audit opinion.",Calendar 2024 harmonized sample from the 2025 report; a 2026 report is available but was not extracted here.,,
