id,title,authors,year,date,url,type,metric,value,unit,geography,boundary,status,finding,limitations
IN01,Significant Water Withdrawal Facility Data,"Indiana Department of Natural Resources, Division of Water",2026,,https://secure.in.gov/dnr/water/water-availability-use-rights/significant-water-withdrawal-facility-data/,Government administrative data documentation,Registration threshold (withdrawal capability),100000,US gallons/day,Indiana,"Aggregate withdrawal capability per facility, all sources and methods",Regulatory threshold; not observed use,"Facilities capable of withdrawing more than 100,000 gallons/day must register and report annual use. Data distinguish pump capacity from annual withdrawal. Municipal supply records do not identify every downstream data-center customer.","Retrieved page lists pump register as of August 1, 2025 and recent reported years; do not assume 2026 measured coverage. No statewide data-center-specific consumption total established."
IN02,Fort Wayne Google Data Center Frequently Asked Questions,"City of Fort Wayne; information supplied by Google, Indiana Michigan Power and City Utilities",2026,,https://engage.cityoffortwayne.org/data-center,Municipal FAQ incorporating corporate and utility claims,Water-system average daily use and treatment capacity,"{""system_average"": 37, ""system_capacity"": 72}",million US gallons/day,"Fort Wayne, Allen County, Indiana",Whole municipal system; NOT the Google campus,Published utility-system context,Supply is the St. Joseph River. The FAQ says Google lowers non-critical electric loads during grid stress rather than substituting diesel generation.,"No campus water withdrawal or consumption measurement. Treatment capacity is not a drought-yield assessment. Emissions and rate claims are attributed, not independently audited."
IN03,Adams Center Water Tower,Fort Wayne City Utilities,2026,2026-01-30,https://utilities.cityoffortwayne.org/projects/adams-center-tower,Government infrastructure project description,Planned public storage capacity,2,million US gallons,"Fort Wayne, Allen County, Indiana",Public storage tank,Planned infrastructure,Google funds the planned tank and transmission infrastructure; assets become publicly owned after acceptance.,Tank volume is neither daily withdrawal nor consumption; project completion not verified.
IN04,Amazon's Investment Is Building Lasting Opportunity for St. Joseph County,Amazon statement published by South Bend Regional Chamber of Commerce,2026,2026-07-09,https://www.sbrchamber.com/news/2026/07/09/default/amazon-s-investment-is-building-lasting-opportunity-for-st.-joseph-county/,Corporate projection / firsthand statement,Projected annual campus water use at full buildout,18,million US gallons/year,"AWS New Carlisle, St. Joseph County, Indiana",New Carlisle site at full buildout; source does not explicitly define withdrawal versus consumption,"Operator projection, NOT observed meter data",Operator projects roughly 18 million gallons annually and outside-air cooling for 98% of the year.,"Indexed primary statement retrieved; direct page access returned 403. Confirmed by corrected August reporting. No metering method, monthly series, campus WUE, return-flow balance or assured peak limit supplied."
IN05,Dry wells and water supply fears surround Amazon's massive Indiana data center,"Redmond Bernhold; Alyssa Sirichoktanasup; Andy Caron, University of Notre Dame Gallivan Program",2026,2026-08-13,https://www.aol.com/articles/dry-wells-water-supply-fears-090843000.html,Corrected original reporting; Indianapolis Star syndication,Reported temporary construction-dewatering approval,31,million US gallons/day,"AWS New Carlisle, St. Joseph County, Indiana",Construction pumping; not campus consumptive use,Reported authorization; dewatering source document not reviewed,"Corrects sewer extrapolation. Reports dry-well hardship, DNR drought attribution, and hydrologist disagreement.",Do not sum with cooling or sewer flows. Written DNR investigation report reportedly unavailable. Causation unresolved. Sewer design is now verified separately in IN15.
IN06,"Economic Outlook: Data Centers and the Regional Economy (Season 21, Episode 1)",PBS Michiana; host Jeff Rea; testimony of Bill Schalliol and other panelists,2026,2026-03-17,https://www.pbs.org/video/economicoutlook-data-centers-and-the-regional-economy/,Public broadcast with firsthand county-official statement,Combined withdrawal limit described for two public plants,24,million US gallons/day,"New Carlisle / Kankakee aquifer, Indiana",All users supplied by two town-managed water-treatment plants,Official description of system cap; not Amazon actual use,County economic development director explicitly places the 24 MGD cap at the two plants and distinguishes other users such as agricultural irrigation.,Not a campus-specific permit or metered use series. Aquifer yield numbers in different sources differ; omit a precise available-water surplus without original hydrologic model review.
IN07,Microsoft breaks ground on La Porte datacenter project,Microsoft Local,2026,2026-06-18,https://local.microsoft.com/blog/microsoft-breaks-ground-on-la-porte-datacenter-project/,Corporate project announcement,Cooling design commitment,Closed-loop liquid cooling,,"La Porte, Indiana",Planned campus cooling system,Design commitment; construction phase,Microsoft commits to energy-efficient closed-loop liquid cooling; first phase expected to create more than 600 permanent Microsoft jobs.,"Does not provide observed withdrawal, consumptive loss, WUE, power demand or lifecycle emissions. Closed-loop does not establish zero site or supply-chain water use. Exact groundbreaking date differs from some media; use June 2026 if not central."
IN08,"Microsoft, Dermody update tax agreement to include historic funding for La Porte schools",City of La Porte,2026,2026-03-03,https://www.cityoflaporte.com/news/microsoft-dermody-eupdate-tax-agreement-to-include-historic-funding-for-la-porte-schools,Municipal agreement announcement,School share of tax revenue under updated agreement,15,percent for 20 years,"La Porte, Indiana","Municipal fiscal agreement, not environmental performance",Agreement announced as approved,City says Microsoft will pay full property taxes and redevelopment commission will allocate 15% of revenue to schools over 20 years.,Announcement is not an independent net fiscal-benefit evaluation; environmental costs remain separate.
IN09,Ordinance No. 2026-08: An ordinance establishing a development moratorium on data centers,Boone County Board of Commissioners,2026,2026-06-15,https://boonecounty.in.gov/wp-content/uploads/2026/07/Ordinance-2026-08.Moratorium-on-data-centers.pdf,Signed government ordinance; all three pages visually verified,New-application moratorium period,"{""effective"": ""2026-06-16"", ""end"": ""2027-06-15""}",dates,"Unincorporated Boone County, Indiana",New data-center applications in county jurisdiction; excludes existing facilities,Enacted; scheduled active on review date,"Adopted June 15, 2026. Section 2 commences June 16, 2026; section 3 ends June 15, 2027. Applies to new data-center applications in unincorporated Boone County.",Signed primary instrument supersedes the anomalous announcement URL. No subsequent repeal located in targeted search.
IN10,Data Centers,Town of Merrillville,2026,,https://www.merrillville.in.gov/business-building-economic-development/data-centers/,Municipal policy announcement,Moratorium period,"{""effective"": ""2026-06-01"", ""end"": ""2027-05-31""}",dates,"Merrillville municipality, Lake County, Indiana",New project approvals within municipality,Enacted; scheduled active on review date,"One-year pause; town identifies infrastructure, utilities, traffic, noise and neighborhood compatibility as study topics.",Not a Lake County-wide or Indiana-wide ban. No repeal located in reviewed source.
IN11,Ordinance imposing a temporary moratorium on the development of data centers,Miami County Board of Commissioners,2026,2026-05-04,https://www.miamicountyin.gov/DocumentCenter/View/2446/5426_RECORDED_SIGNED_BOCOrdinance_DataCenterMoratorium,"Signed, recorded government ordinance",Moratorium trigger and ending condition,"{""effective"": ""2026-05-04"", ""end_condition"": ""Upon adoption of data-center zoning regulations""}",dates / legal condition,"Unincorporated Miami County, Indiana",Applications and permits for data-center structures and appurtenant facilities,Historical moratorium; subsequent ordinance reported adopted July 20,"Recorded ordinance imposed a pause without a calendar expiry, ending when the zoning ordinance gains data-center regulations.",Must read with IN12; do not classify indefinitely active simply because May source remains online.
IN12,Data centers: A hot-mic conversation leads to a discussion of what government transparency means,"Daniel Huber, Indiana Public Radio",2026,2026-09-14,https://indianapublicradio.org/news/2026/09/data-centers-a-hot-mic-conversation-leads-to-a-discussion-of-what-government-transparency-means/,Original public-radio reporting; links county minutes,Adoption of replacement data-center regulations,2026-07-20,date,"Miami County, Indiana",County zoning regulation and community resistance,Replacement ordinance reported adopted unanimously,Reports July 20 adoption and continuing coalition concern about transparency; cites official minutes. This supplies evidence that the temporary moratorium should not be counted as currently active.,Signed replacement ordinance not extracted; zoning standards in reporting should be checked against final text for enforcement.
IN13,St. Joseph County Council takes first step toward possible ban on future hyperscale data centers,WNDU,2026,2026-09-23,https://www.wndu.com/video/2026/09/23/st-joseph-county-council-takes-first-step-toward-possible-ban-future-hyperscale-data-centers/?outputType=amp,Local broadcast reporting,Preliminary resolution vote,"{""yes"": 6, ""no"": 3}",votes,"Unincorporated St. Joseph County, Indiana",Process toward future hyperscale-data-center restriction,Preliminary action; NOT an enacted ban,Reports a 6–3 preliminary resolution beginning the process toward a possible future ban.,No completed ban established as of search cutoff. Report publication date differs from vote date; use September 2026 unless signed minutes are verified.
IN14,Will our water meet our needs?,"Jared Quigg, Morgan County Correspondent",2026,2026-06-04,https://morgancountycorrespondent.com/2026/06/04/will-our-water-meet-our-needs/,Original local reporting of public presentation,Site-specific observed water consumption,,million US gallons/day,"Google Monrovia / Morgan County, Indiana",Proposed data-center campus and White River watershed,Measured campus consumption not established,Documents competing assurances and resident concern; reports a conservation-district representative's prospective 8 MGD estimate.,"Do not promote 8 MGD to measured use or multiply separately reported per-building maxima. Original utility contract, final phase boundary and operating data not verified."
IN15,"Authorization for Construction of Sanitary Sewer System, IEC-3 South, Permit Approval No. 26205","Indiana Department of Environmental Management, Office of Water Quality",2026,2026-04-01,https://ecm.idem.in.gov/cs/idcplg?IdcService=GET_FILE&Rendition=web&allowInterrupt=1&dDocName=83951820&dID=83943702&noSaveAs=1,Primary approved construction permit and application; permit p. 2 visually verified,Design wastewater flows for sewer project,"{""current_average"": 17368, ""future_average"": 55000, ""future_peak"": 1612000, ""peaking_factor"": 29.3}",US gallons/day; dimensionless peaking factor,"AWS IEC-3 South, northwest corner Gordon Road/Strawberry Road, St. Joseph County, Indiana","Sanitary and industrial wastewater sewer project; approved description refers to a 224,000 SF data center and future 224,000 SF data center. Not whole-campus water withdrawal or consumption.","Approved design figures, not measured operations","Permit p. 2 authorizes future average 55,000 GPD and future peak 1,612,000 GPD wastewater design flow. Treatment goes to City of South Bend.",Avoid extrapolating to campus consumption. Appendix unit counts differ in presentation from permit narrative; use permit project boundary and do not infer a campus building count. No actual flow series included.
