abbreviation,name,year,metric,value,unit,dcGWh,sharePct,stateGWh,boundary,evidenceType,sourceIds,sourcePage,limitations
AL,Alabama,2023,Modeled data-center electricity consumption,1489200,MWh/year,1489.2,1.71,,State-level modeled data-center electricity load,modeled estimate,"[""EPRI2024""]","Table A1, report pp. 28–29 (PDF pages 28–29)",Historical 2023 estimate; not metered statewide consumption and not current. Table A1 does not publish a separate state-total GWh denominator. StateGWh intentionally null; back-solving from a rounded percentage would invent precision.
AK,Alaska,2023,Modeled data-center electricity consumption,,MWh/year,,,,State,not reported in Table A1,"[""EPRI2024""]","Table A1, report pp. 28–29",Not listed among 44 states with significant data-center load in this table. Missing is not zero.
AZ,Arizona,2023,Modeled data-center electricity consumption,6253268,MWh/year,6253.268,7.43,,State-level modeled data-center electricity load,modeled estimate,"[""EPRI2024""]","Table A1, report pp. 28–29 (PDF pages 28–29)",Historical 2023 estimate; not metered statewide consumption and not current. Table A1 does not publish a separate state-total GWh denominator. StateGWh intentionally null; back-solving from a rounded percentage would invent precision.
AR,Arkansas,2023,Modeled data-center electricity consumption,,MWh/year,,,,State,not reported in Table A1,"[""EPRI2024""]","Table A1, report pp. 28–29",Not listed among 44 states with significant data-center load in this table. Missing is not zero.
CA,California,2023,Modeled data-center electricity consumption,9331619,MWh/year,9331.619,3.7,,State-level modeled data-center electricity load,modeled estimate,"[""EPRI2024""]","Table A1, report pp. 28–29 (PDF pages 28–29)",Historical 2023 estimate; not metered statewide consumption and not current. Table A1 does not publish a separate state-total GWh denominator. StateGWh intentionally null; back-solving from a rounded percentage would invent precision.
CO,Colorado,2023,Modeled data-center electricity consumption,1509640,MWh/year,1509.64,2.66,,State-level modeled data-center electricity load,modeled estimate,"[""EPRI2024""]","Table A1, report pp. 28–29 (PDF pages 28–29)",Historical 2023 estimate; not metered statewide consumption and not current. Table A1 does not publish a separate state-total GWh denominator. StateGWh intentionally null; back-solving from a rounded percentage would invent precision.
CT,Connecticut,2023,Modeled data-center electricity consumption,262800,MWh/year,262.8,0.95,,State-level modeled data-center electricity load,modeled estimate,"[""EPRI2024""]","Table A1, report pp. 28–29 (PDF pages 28–29)",Historical 2023 estimate; not metered statewide consumption and not current. Table A1 does not publish a separate state-total GWh denominator. StateGWh intentionally null; back-solving from a rounded percentage would invent precision.
DE,Delaware,2023,Modeled data-center electricity consumption,,MWh/year,,,,State,not reported in Table A1,"[""EPRI2024""]","Table A1, report pp. 28–29",Not listed among 44 states with significant data-center load in this table. Missing is not zero.
FL,Florida,2023,Modeled data-center electricity consumption,1384080,MWh/year,1384.08,0.56,,State-level modeled data-center electricity load,modeled estimate,"[""EPRI2024""]","Table A1, report pp. 28–29 (PDF pages 28–29)",Historical 2023 estimate; not metered statewide consumption and not current. Table A1 does not publish a separate state-total GWh denominator. StateGWh intentionally null; back-solving from a rounded percentage would invent precision.
GA,Georgia,2023,Modeled data-center electricity consumption,6175391,MWh/year,6175.391,4.26,,State-level modeled data-center electricity load,modeled estimate,"[""EPRI2024""]","Table A1, report pp. 28–29 (PDF pages 28–29)",Historical 2023 estimate; not metered statewide consumption and not current. Table A1 does not publish a separate state-total GWh denominator. StateGWh intentionally null; back-solving from a rounded percentage would invent precision.
HI,Hawaii,2023,Modeled data-center electricity consumption,8760,MWh/year,8.76,0.1,,State-level modeled data-center electricity load,modeled estimate,"[""EPRI2024""]","Table A1, report pp. 28–29 (PDF pages 28–29)",Historical 2023 estimate; not metered statewide consumption and not current. Table A1 does not publish a separate state-total GWh denominator. StateGWh intentionally null; back-solving from a rounded percentage would invent precision.
ID,Idaho,2023,Modeled data-center electricity consumption,148920,MWh/year,148.92,0.57,,State-level modeled data-center electricity load,modeled estimate,"[""EPRI2024""]","Table A1, report pp. 28–29 (PDF pages 28–29)",Historical 2023 estimate; not metered statewide consumption and not current. Table A1 does not publish a separate state-total GWh denominator. StateGWh intentionally null; back-solving from a rounded percentage would invent precision.
IL,Illinois,2023,Modeled data-center electricity consumption,7450176,MWh/year,7450.176,5.48,,State-level modeled data-center electricity load,modeled estimate,"[""EPRI2024""]","Table A1, report pp. 28–29 (PDF pages 28–29)",Historical 2023 estimate; not metered statewide consumption and not current. Table A1 does not publish a separate state-total GWh denominator. StateGWh intentionally null; back-solving from a rounded percentage would invent precision.
IN,Indiana,2023,Modeled data-center electricity consumption,192720,MWh/year,192.72,0.19,,State-level modeled data-center electricity load,modeled estimate,"[""EPRI2024""]","Table A1, report pp. 28–29 (PDF pages 28–29)",Historical 2023 estimate; not metered statewide consumption and not current. Table A1 does not publish a separate state-total GWh denominator. StateGWh intentionally null; back-solving from a rounded percentage would invent precision.
IA,Iowa,2023,Modeled data-center electricity consumption,6193320,MWh/year,6193.32,11.43,,State-level modeled data-center electricity load,modeled estimate,"[""EPRI2024""]","Table A1, report pp. 28–29 (PDF pages 28–29)",Historical 2023 estimate; not metered statewide consumption and not current. Table A1 does not publish a separate state-total GWh denominator. StateGWh intentionally null; back-solving from a rounded percentage would invent precision.
KS,Kansas,2023,Modeled data-center electricity consumption,8760,MWh/year,8.76,0.02,,State-level modeled data-center electricity load,modeled estimate,"[""EPRI2024""]","Table A1, report pp. 28–29 (PDF pages 28–29)",Historical 2023 estimate; not metered statewide consumption and not current. Table A1 does not publish a separate state-total GWh denominator. StateGWh intentionally null; back-solving from a rounded percentage would invent precision.
KY,Kentucky,2023,Modeled data-center electricity consumption,1620600,MWh/year,1620.6,2.15,,State-level modeled data-center electricity load,modeled estimate,"[""EPRI2024""]","Table A1, report pp. 28–29 (PDF pages 28–29)",Historical 2023 estimate; not metered statewide consumption and not current. Table A1 does not publish a separate state-total GWh denominator. StateGWh intentionally null; back-solving from a rounded percentage would invent precision.
LA,Louisiana,2023,Modeled data-center electricity consumption,78840,MWh/year,78.84,0.08,,State-level modeled data-center electricity load,modeled estimate,"[""EPRI2024""]","Table A1, report pp. 28–29 (PDF pages 28–29)",Historical 2023 estimate; not metered statewide consumption and not current. Table A1 does not publish a separate state-total GWh denominator. StateGWh intentionally null; back-solving from a rounded percentage would invent precision.
ME,Maine,2023,Modeled data-center electricity consumption,26280,MWh/year,26.28,0.22,,State-level modeled data-center electricity load,modeled estimate,"[""EPRI2024""]","Table A1, report pp. 28–29 (PDF pages 28–29)",Historical 2023 estimate; not metered statewide consumption and not current. Table A1 does not publish a separate state-total GWh denominator. StateGWh intentionally null; back-solving from a rounded percentage would invent precision.
MD,Maryland,2023,Modeled data-center electricity consumption,96360,MWh/year,96.36,0.16,,State-level modeled data-center electricity load,modeled estimate,"[""EPRI2024""]","Table A1, report pp. 28–29 (PDF pages 28–29)",Historical 2023 estimate; not metered statewide consumption and not current. Table A1 does not publish a separate state-total GWh denominator. StateGWh intentionally null; back-solving from a rounded percentage would invent precision.
MA,Massachusetts,2023,Modeled data-center electricity consumption,1062369,MWh/year,1062.369,2.08,,State-level modeled data-center electricity load,modeled estimate,"[""EPRI2024""]","Table A1, report pp. 28–29 (PDF pages 28–29)",Historical 2023 estimate; not metered statewide consumption and not current. Table A1 does not publish a separate state-total GWh denominator. StateGWh intentionally null; back-solving from a rounded percentage would invent precision.
MI,Michigan,2023,Modeled data-center electricity consumption,525600,MWh/year,525.6,0.52,,State-level modeled data-center electricity load,modeled estimate,"[""EPRI2024""]","Table A1, report pp. 28–29 (PDF pages 28–29)",Historical 2023 estimate; not metered statewide consumption and not current. Table A1 does not publish a separate state-total GWh denominator. StateGWh intentionally null; back-solving from a rounded percentage would invent precision.
MN,Minnesota,2023,Modeled data-center electricity consumption,824316,MWh/year,824.316,1.24,,State-level modeled data-center electricity load,modeled estimate,"[""EPRI2024""]","Table A1, report pp. 28–29 (PDF pages 28–29)",Historical 2023 estimate; not metered statewide consumption and not current. Table A1 does not publish a separate state-total GWh denominator. StateGWh intentionally null; back-solving from a rounded percentage would invent precision.
MS,Mississippi,2023,Modeled data-center electricity consumption,,MWh/year,,,,State,not reported in Table A1,"[""EPRI2024""]","Table A1, report pp. 28–29",Not listed among 44 states with significant data-center load in this table. Missing is not zero.
MO,Missouri,2023,Modeled data-center electricity consumption,972360,MWh/year,972.36,1.21,,State-level modeled data-center electricity load,modeled estimate,"[""EPRI2024""]","Table A1, report pp. 28–29 (PDF pages 28–29)",Historical 2023 estimate; not metered statewide consumption and not current. Table A1 does not publish a separate state-total GWh denominator. StateGWh intentionally null; back-solving from a rounded percentage would invent precision.
MT,Montana,2023,Modeled data-center electricity consumption,578160,MWh/year,578.16,3.71,,State-level modeled data-center electricity load,modeled estimate,"[""EPRI2024""]","Table A1, report pp. 28–29 (PDF pages 28–29)",Historical 2023 estimate; not metered statewide consumption and not current. Table A1 does not publish a separate state-total GWh denominator. StateGWh intentionally null; back-solving from a rounded percentage would invent precision.
NE,Nebraska,2023,Modeled data-center electricity consumption,3959520,MWh/year,3959.52,11.7,,State-level modeled data-center electricity load,modeled estimate,"[""EPRI2024""]","Table A1, report pp. 28–29 (PDF pages 28–29)",Historical 2023 estimate; not metered statewide consumption and not current. Table A1 does not publish a separate state-total GWh denominator. StateGWh intentionally null; back-solving from a rounded percentage would invent precision.
NV,Nevada,2023,Modeled data-center electricity consumption,3416707,MWh/year,3416.707,8.69,,State-level modeled data-center electricity load,modeled estimate,"[""EPRI2024""]","Table A1, report pp. 28–29 (PDF pages 28–29)",Historical 2023 estimate; not metered statewide consumption and not current. Table A1 does not publish a separate state-total GWh denominator. StateGWh intentionally null; back-solving from a rounded percentage would invent precision.
NH,New Hampshire,2023,Modeled data-center electricity consumption,17520,MWh/year,17.52,0.16,,State-level modeled data-center electricity load,modeled estimate,"[""EPRI2024""]","Table A1, report pp. 28–29 (PDF pages 28–29)",Historical 2023 estimate; not metered statewide consumption and not current. Table A1 does not publish a separate state-total GWh denominator. StateGWh intentionally null; back-solving from a rounded percentage would invent precision.
NJ,New Jersey,2023,Modeled data-center electricity consumption,4038360,MWh/year,4038.36,5.42,,State-level modeled data-center electricity load,modeled estimate,"[""EPRI2024""]","Table A1, report pp. 28–29 (PDF pages 28–29)",Historical 2023 estimate; not metered statewide consumption and not current. Table A1 does not publish a separate state-total GWh denominator. StateGWh intentionally null; back-solving from a rounded percentage would invent precision.
NM,New Mexico,2023,Modeled data-center electricity consumption,402960,MWh/year,402.96,1.48,,State-level modeled data-center electricity load,modeled estimate,"[""EPRI2024""]","Table A1, report pp. 28–29 (PDF pages 28–29)",Historical 2023 estimate; not metered statewide consumption and not current. Table A1 does not publish a separate state-total GWh denominator. StateGWh intentionally null; back-solving from a rounded percentage would invent precision.
NY,New York,2023,Modeled data-center electricity consumption,4067385,MWh/year,4067.385,2.84,,State-level modeled data-center electricity load,modeled estimate,"[""EPRI2024""]","Table A1, report pp. 28–29 (PDF pages 28–29)",Historical 2023 estimate; not metered statewide consumption and not current. Table A1 does not publish a separate state-total GWh denominator. StateGWh intentionally null; back-solving from a rounded percentage would invent precision.
NC,North Carolina,2023,Modeled data-center electricity consumption,2672676,MWh/year,2672.676,1.92,,State-level modeled data-center electricity load,modeled estimate,"[""EPRI2024""]","Table A1, report pp. 28–29 (PDF pages 28–29)",Historical 2023 estimate; not metered statewide consumption and not current. Table A1 does not publish a separate state-total GWh denominator. StateGWh intentionally null; back-solving from a rounded percentage would invent precision.
ND,North Dakota,2023,Modeled data-center electricity consumption,3915720,MWh/year,3915.72,15.42,,State-level modeled data-center electricity load,modeled estimate,"[""EPRI2024""]","Table A1, report pp. 28–29 (PDF pages 28–29)",Historical 2023 estimate; not metered statewide consumption and not current. Table A1 does not publish a separate state-total GWh denominator. StateGWh intentionally null; back-solving from a rounded percentage would invent precision.
OH,Ohio,2023,Modeled data-center electricity consumption,2363886,MWh/year,2363.886,1.58,,State-level modeled data-center electricity load,modeled estimate,"[""EPRI2024""]","Table A1, report pp. 28–29 (PDF pages 28–29)",Historical 2023 estimate; not metered statewide consumption and not current. Table A1 does not publish a separate state-total GWh denominator. StateGWh intentionally null; back-solving from a rounded percentage would invent precision.
OK,Oklahoma,2023,Modeled data-center electricity consumption,1226400,MWh/year,1226.4,1.76,,State-level modeled data-center electricity load,modeled estimate,"[""EPRI2024""]","Table A1, report pp. 28–29 (PDF pages 28–29)",Historical 2023 estimate; not metered statewide consumption and not current. Table A1 does not publish a separate state-total GWh denominator. StateGWh intentionally null; back-solving from a rounded percentage would invent precision.
OR,Oregon,2023,Modeled data-center electricity consumption,6413663,MWh/year,6413.663,11.39,,State-level modeled data-center electricity load,modeled estimate,"[""EPRI2024""]","Table A1, report pp. 28–29 (PDF pages 28–29)",Historical 2023 estimate; not metered statewide consumption and not current. Table A1 does not publish a separate state-total GWh denominator. StateGWh intentionally null; back-solving from a rounded percentage would invent precision.
PA,Pennsylvania,2023,Modeled data-center electricity consumption,4590240,MWh/year,4590.24,3.16,,State-level modeled data-center electricity load,modeled estimate,"[""EPRI2024""]","Table A1, report pp. 28–29 (PDF pages 28–29)",Historical 2023 estimate; not metered statewide consumption and not current. Table A1 does not publish a separate state-total GWh denominator. StateGWh intentionally null; back-solving from a rounded percentage would invent precision.
RI,Rhode Island,2023,Modeled data-center electricity consumption,17520,MWh/year,17.52,0.23,,State-level modeled data-center electricity load,modeled estimate,"[""EPRI2024""]","Table A1, report pp. 28–29 (PDF pages 28–29)",Historical 2023 estimate; not metered statewide consumption and not current. Table A1 does not publish a separate state-total GWh denominator. StateGWh intentionally null; back-solving from a rounded percentage would invent precision.
SC,South Carolina,2023,Modeled data-center electricity consumption,2023560,MWh/year,2023.56,2.45,,State-level modeled data-center electricity load,modeled estimate,"[""EPRI2024""]","Table A1, report pp. 28–29 (PDF pages 28–29)",Historical 2023 estimate; not metered statewide consumption and not current. Table A1 does not publish a separate state-total GWh denominator. StateGWh intentionally null; back-solving from a rounded percentage would invent precision.
SD,South Dakota,2023,Modeled data-center electricity consumption,70080,MWh/year,70.08,0.52,,State-level modeled data-center electricity load,modeled estimate,"[""EPRI2024""]","Table A1, report pp. 28–29 (PDF pages 28–29)",Historical 2023 estimate; not metered statewide consumption and not current. Table A1 does not publish a separate state-total GWh denominator. StateGWh intentionally null; back-solving from a rounded percentage would invent precision.
TN,Tennessee,2023,Modeled data-center electricity consumption,1327140,MWh/year,1327.14,1.3,,State-level modeled data-center electricity load,modeled estimate,"[""EPRI2024""]","Table A1, report pp. 28–29 (PDF pages 28–29)",Historical 2023 estimate; not metered statewide consumption and not current. Table A1 does not publish a separate state-total GWh denominator. StateGWh intentionally null; back-solving from a rounded percentage would invent precision.
TX,Texas,2023,Modeled data-center electricity consumption,21813159,MWh/year,21813.159,4.59,,State-level modeled data-center electricity load,modeled estimate,"[""EPRI2024""]","Table A1, report pp. 28–29 (PDF pages 28–29)",Historical 2023 estimate; not metered statewide consumption and not current. Table A1 does not publish a separate state-total GWh denominator. StateGWh intentionally null; back-solving from a rounded percentage would invent precision.
UT,Utah,2023,Modeled data-center electricity consumption,2562037,MWh/year,2562.037,7.68,,State-level modeled data-center electricity load,modeled estimate,"[""EPRI2024""]","Table A1, report pp. 28–29 (PDF pages 28–29)",Historical 2023 estimate; not metered statewide consumption and not current. Table A1 does not publish a separate state-total GWh denominator. StateGWh intentionally null; back-solving from a rounded percentage would invent precision.
VT,Vermont,2023,Modeled data-center electricity consumption,,MWh/year,,,,State,not reported in Table A1,"[""EPRI2024""]","Table A1, report pp. 28–29",Not listed among 44 states with significant data-center load in this table. Missing is not zero.
VA,Virginia,2023,Modeled data-center electricity consumption,33851122,MWh/year,33851.122,25.59,,State-level modeled data-center electricity load,modeled estimate,"[""EPRI2024""]","Table A1, report pp. 28–29 (PDF pages 28–29)",Historical 2023 estimate; not metered statewide consumption and not current. Table A1 does not publish a separate state-total GWh denominator. StateGWh intentionally null; back-solving from a rounded percentage would invent precision.
WA,Washington,2023,Modeled data-center electricity consumption,5171612,MWh/year,5171.612,5.69,,State-level modeled data-center electricity load,modeled estimate,"[""EPRI2024""]","Table A1, report pp. 28–29 (PDF pages 28–29)",Historical 2023 estimate; not metered statewide consumption and not current. Table A1 does not publish a separate state-total GWh denominator. StateGWh intentionally null; back-solving from a rounded percentage would invent precision.
WV,West Virginia,2023,Modeled data-center electricity consumption,,MWh/year,,,,State,not reported in Table A1,"[""EPRI2024""]","Table A1, report pp. 28–29",Not listed among 44 states with significant data-center load in this table. Missing is not zero.
WI,Wisconsin,2023,Modeled data-center electricity consumption,148920,MWh/year,148.92,0.21,,State-level modeled data-center electricity load,modeled estimate,"[""EPRI2024""]","Table A1, report pp. 28–29 (PDF pages 28–29)",Historical 2023 estimate; not metered statewide consumption and not current. Table A1 does not publish a separate state-total GWh denominator. StateGWh intentionally null; back-solving from a rounded percentage would invent precision.
WY,Wyoming,2023,Modeled data-center electricity consumption,1857120,MWh/year,1857.12,11.26,,State-level modeled data-center electricity load,modeled estimate,"[""EPRI2024""]","Table A1, report pp. 28–29 (PDF pages 28–29)",Historical 2023 estimate; not metered statewide consumption and not current. Table A1 does not publish a separate state-total GWh denominator. StateGWh intentionally null; back-solving from a rounded percentage would invent precision.
